{"cameraMode":{"drawMode":0,"name":"Shaded","section":"Shading Mode"},"sceneLighting":false,"audioPlay":false,"sceneViewState":{"showFog":true,"showMaterialUpdate":false,"showSkybox":false,"showFlares":true,"showImageEffects":true,"showParticleSystems":true},"in2DMode":false,"pivot":{"x":-62.92278289794922,"y":-18.96735191345215,"z":-29.225433349609376},"rotation":{"x":-0.21208469569683076,"y":-0.18717220425605775,"z":0.04152762144804001,"w":-0.9583556056022644},"size":88.86885070800781,"orthographic":false}