{"cameraMode":{"drawMode":0,"name":"Shaded","section":"Shading Mode"},"sceneLighting":false,"audioPlay":false,"sceneViewState":{"showFog":true,"showMaterialUpdate":false,"showSkybox":false,"showFlares":true,"showImageEffects":true,"showParticleSystems":true},"in2DMode":false,"pivot":{"x":88.17174530029297,"y":244.9530029296875,"z":307.3927917480469},"rotation":{"x":-0.046736013144254687,"y":-0.054518282413482669,"z":0.002491368679329753,"w":-0.9975684285163879},"size":1120.5301513671875,"orthographic":false}