{"cameraMode":{"drawMode":0,"name":"Shaded","section":"Shading Mode"},"sceneLighting":false,"audioPlay":false,"sceneViewState":{"showFog":true,"showMaterialUpdate":false,"showSkybox":false,"showFlares":true,"showImageEffects":true,"showParticleSystems":true},"in2DMode":false,"pivot":{"x":3.902616500854492,"y":5.077308654785156,"z":5.701789855957031},"rotation":{"x":0.005486621987074614,"y":-0.9857670664787293,"z":0.16455550491809846,"w":0.045001205056905749},"size":36.95384979248047,"orthographic":false}