{"cameraMode":{"drawMode":0,"name":"Shaded","section":"Shading Mode"},"sceneLighting":false,"audioPlay":false,"sceneViewState":{"showFog":true,"showMaterialUpdate":false,"showSkybox":false,"showFlares":true,"showImageEffects":true,"showParticleSystems":true},"in2DMode":false,"pivot":{"x":0.4272162914276123,"y":-0.08677786588668823,"z":-1.1522846221923829},"rotation":{"x":-0.014613445848226548,"y":-0.9852502942085266,"z":0.1116197258234024,"w":-0.12901854515075684},"size":2.9835667610168459,"orthographic":false}