{"cameraMode":{"drawMode":0,"name":"Shaded","section":"Shading Mode"},"sceneLighting":false,"audioPlay":false,"sceneViewState":{"showFog":true,"showMaterialUpdate":false,"showSkybox":false,"showFlares":true,"showImageEffects":true,"showParticleSystems":true},"in2DMode":false,"pivot":{"x":-0.5635929107666016,"y":-12.225855827331543,"z":-16.21564483642578},"rotation":{"x":-0.3227350115776062,"y":-0.032081861048936847,"z":0.010945635847747326,"w":-0.9458954930305481},"size":64.10231018066406,"orthographic":false}