{"cameraMode":{"drawMode":0,"name":"Shaded","section":"Shading Mode"},"sceneLighting":false,"audioPlay":false,"sceneViewState":{"showFog":true,"showMaterialUpdate":false,"showSkybox":false,"showFlares":true,"showImageEffects":true,"showParticleSystems":true},"in2DMode":false,"pivot":{"x":-0.002585172653198242,"y":0.1174115240573883,"z":-0.003064274787902832},"rotation":{"x":-0.1101779118180275,"y":0.8574283719062805,"z":-0.20607160031795503,"w":-0.4588981866836548},"size":4.684093952178955,"orthographic":false}