{"cameraMode":{"drawMode":0,"name":"Shaded","section":"Shading Mode"},"sceneLighting":false,"audioPlay":false,"sceneViewState":{"showFog":true,"showMaterialUpdate":false,"showSkybox":false,"showFlares":true,"showImageEffects":true,"showParticleSystems":true},"in2DMode":false,"pivot":{"x":572.295166015625,"y":189.54022216796876,"z":48.66729736328125},"rotation":{"x":-0.006300526671111584,"y":-0.07104387879371643,"z":0.00040317769162356853,"w":-0.9976142048835754},"size":976.103759765625,"orthographic":false}