{"cameraMode":{"drawMode":0,"name":"Shaded","section":"Shading Mode"},"sceneLighting":false,"audioPlay":false,"sceneViewState":{"showFog":true,"showMaterialUpdate":false,"showSkybox":false,"showFlares":true,"showImageEffects":true,"showParticleSystems":true},"in2DMode":false,"pivot":{"x":-0.26999998092651369,"y":0.9599999189376831,"z":8.34000015258789},"rotation":{"x":0.28201231360435488,"y":-0.18137836456298829,"z":0.054382920265197757,"w":0.9405438303947449},"size":6.11890172958374,"orthographic":false}