{"cameraMode":{"drawMode":0,"name":"Shaded","section":"Shading Mode"},"sceneLighting":false,"audioPlay":false,"sceneViewState":{"showFog":true,"showMaterialUpdate":false,"showSkybox":false,"showFlares":true,"showImageEffects":true,"showParticleSystems":true},"in2DMode":false,"pivot":{"x":-3.0801215171813967,"y":-2.587313652038574,"z":4.696420669555664},"rotation":{"x":0.28201231360435488,"y":-0.18137836456298829,"z":0.054382920265197757,"w":0.9405438303947449},"size":25.354631423950197,"orthographic":false}