{"cameraMode":{"drawMode":0,"name":"Shaded","section":"Shading Mode"},"sceneLighting":false,"audioPlay":false,"sceneViewState":{"showFog":false,"showMaterialUpdate":false,"showSkybox":false,"showFlares":false,"showImageEffects":false,"showParticleSystems":false},"in2DMode":false,"pivot":{"x":-34.06615447998047,"y":151.081787109375,"z":66.39989471435547},"rotation":{"x":-0.2930332124233246,"y":-0.583143949508667,"z":0.23877033591270448,"w":-0.7201522588729858},"size":116.68932342529297,"orthographic":false}