{"cameraMode":{"drawMode":0,"name":"Shaded","section":"Shading Mode"},"sceneLighting":false,"audioPlay":false,"sceneViewState":{"showFog":true,"showMaterialUpdate":false,"showSkybox":false,"showFlares":true,"showImageEffects":true,"showParticleSystems":true},"in2DMode":false,"pivot":{"x":-75.75932312011719,"y":22.33972930908203,"z":35.38978576660156},"rotation":{"x":-0.15405070781707765,"y":-0.4787456691265106,"z":0.08594228327274323,"w":-0.8601750135421753},"size":44.51984786987305,"orthographic":false}