{"cameraMode":{"drawMode":0,"name":"Shaded","section":"Shading Mode"},"sceneLighting":false,"audioPlay":false,"sceneViewState":{"showFog":false,"showMaterialUpdate":false,"showSkybox":false,"showFlares":false,"showImageEffects":false,"showParticleSystems":false},"in2DMode":false,"pivot":{"x":424.09771728515627,"y":388.19842529296877,"z":381.84307861328127},"rotation":{"x":0.043798014521598819,"y":0.023137714713811876,"z":-0.0018298594513908029,"w":0.999528706073761},"size":1821.6365966796875,"orthographic":false}