{"cameraMode":{"drawMode":0,"name":"Shaded","section":"Shading Mode"},"sceneLighting":false,"audioPlay":false,"sceneViewState":{"showFog":false,"showMaterialUpdate":false,"showSkybox":false,"showFlares":false,"showImageEffects":false,"showParticleSystems":false},"in2DMode":false,"pivot":{"x":-141.02549743652345,"y":27.46678924560547,"z":-11.907546997070313},"rotation":{"x":-0.2930332124233246,"y":-0.583143949508667,"z":0.23877033591270448,"w":-0.7201522588729858},"size":91.2972412109375,"orthographic":false}