{"cameraMode":{"drawMode":0,"name":"Shaded","section":"Shading Mode"},"sceneLighting":false,"audioPlay":false,"sceneViewState":{"showFog":true,"showMaterialUpdate":false,"showSkybox":false,"showFlares":true,"showImageEffects":true,"showParticleSystems":true},"in2DMode":false,"pivot":{"x":2.9802322387695315e-8,"y":1.840000033378601,"z":-5.960464477539063e-8},"rotation":{"x":0.28201231360435488,"y":-0.18137836456298829,"z":0.054382920265197757,"w":0.9405438303947449},"size":2.1639552116394045,"orthographic":false}