{"cameraMode":{"drawMode":0,"name":"Shaded","section":"Shading Mode"},"sceneLighting":false,"audioPlay":false,"sceneViewState":{"showFog":true,"showMaterialUpdate":false,"showSkybox":false,"showFlares":true,"showImageEffects":true,"showParticleSystems":true},"in2DMode":false,"pivot":{"x":-7.612516403198242,"y":6.992153167724609,"z":11.013344764709473},"rotation":{"x":0.463472843170166,"y":0.18380054831504823,"z":-0.0997622162103653,"w":0.8613331913948059},"size":45.30576705932617,"orthographic":false}