{"cameraMode":{"drawMode":0,"name":"Shaded","section":"Shading Mode"},"sceneLighting":false,"audioPlay":false,"sceneViewState":{"showFog":true,"showMaterialUpdate":false,"showSkybox":false,"showFlares":true,"showImageEffects":true,"showParticleSystems":true},"in2DMode":false,"pivot":{"x":-0.44416236877441409,"y":0.2020569145679474,"z":0.8482555150985718},"rotation":{"x":0.03965050354599953,"y":-0.8179080486297607,"z":0.0567806176841259,"w":0.571173906326294},"size":3.0235748291015627,"orthographic":false}