{"cameraMode":{"drawMode":0,"name":"Shaded","section":"Shading Mode"},"sceneLighting":false,"audioPlay":false,"sceneViewState":{"showFog":true,"showMaterialUpdate":false,"showSkybox":false,"showFlares":true,"showImageEffects":true,"showParticleSystems":true},"in2DMode":false,"pivot":{"x":-1.8286826610565186,"y":2.0193612575531008,"z":1.0843148231506348},"rotation":{"x":0.01842178963124752,"y":0.4785475432872772,"z":0.009438542649149895,"w":-0.8782055974006653},"size":6.853073596954346,"orthographic":false}