{"cameraMode":{"drawMode":0,"name":"Shaded","section":"Shading Mode"},"sceneLighting":false,"audioPlay":false,"sceneViewState":{"showFog":true,"showMaterialUpdate":false,"showSkybox":false,"showFlares":true,"showImageEffects":true,"showParticleSystems":true},"in2DMode":false,"pivot":{"x":-2.62434720993042,"y":17.11663818359375,"z":-38.79926300048828},"rotation":{"x":-0.45405030250549319,"y":-0.0048145269975066189,"z":0.002453514840453863,"w":-0.8909687399864197},"size":39.398834228515628,"orthographic":false}