{"cameraMode":{"drawMode":0,"name":"Shaded","section":"Shading Mode"},"sceneLighting":false,"audioPlay":false,"sceneViewState":{"showFog":false,"showMaterialUpdate":false,"showSkybox":false,"showFlares":false,"showImageEffects":false,"showParticleSystems":false},"in2DMode":false,"pivot":{"x":-18.614227294921876,"y":-184.306884765625,"z":44.55125045776367},"rotation":{"x":0.3739709258079529,"y":0.5359352231025696,"z":-0.28747615218162539,"w":0.7012717723846436},"size":337.0032958984375,"orthographic":false}