{"cameraMode":{"drawMode":0,"name":"Shaded","section":"Shading Mode"},"sceneLighting":false,"audioPlay":false,"sceneViewState":{"showFog":true,"showMaterialUpdate":false,"showSkybox":false,"showFlares":true,"showImageEffects":true,"showParticleSystems":true},"in2DMode":false,"pivot":{"x":3.296999931335449,"y":0.10000000149011612,"z":5.232999801635742},"rotation":{"x":0.2906857430934906,"y":0.1756432205438614,"z":-0.05527164041996002,"w":0.9392085671424866},"size":22.0,"orthographic":false}