{"cameraMode":{"drawMode":0,"name":"Shaded","section":"Shading Mode"},"sceneLighting":false,"audioPlay":false,"sceneViewState":{"showFog":true,"showMaterialUpdate":false,"showSkybox":false,"showFlares":true,"showImageEffects":true,"showParticleSystems":true},"in2DMode":false,"pivot":{"x":215.0817108154297,"y":223.458740234375,"z":13.527966499328614},"rotation":{"x":0.006249129306524992,"y":0.035458941012620929,"z":-0.0019379197619855404,"w":0.9998047947883606},"size":594.8448486328125,"orthographic":false}