{"cameraMode":{"drawMode":0,"name":"Shaded","section":"Shading Mode"},"sceneLighting":false,"audioPlay":false,"sceneViewState":{"showFog":true,"showMaterialUpdate":false,"showSkybox":false,"showFlares":true,"showImageEffects":true,"showParticleSystems":true},"in2DMode":false,"pivot":{"x":-0.7691783905029297,"y":2.9836912155151369,"z":-2.4442508220672609},"rotation":{"x":-0.1590248942375183,"y":0.81975257396698,"z":-0.27284929156303408,"w":-0.4777769148349762},"size":9.334019660949707,"orthographic":false}