{"cameraMode":{"drawMode":0,"name":"Shaded","section":"Shading Mode"},"sceneLighting":false,"audioPlay":false,"sceneViewState":{"showFog":false,"showMaterialUpdate":false,"showSkybox":false,"showFlares":false,"showImageEffects":false,"showParticleSystems":false},"in2DMode":false,"pivot":{"x":4.135464191436768,"y":0.3836236000061035,"z":-1.4257001876831055},"rotation":{"x":-0.15615226328372956,"y":-0.6752328276634216,"z":0.1517350971698761,"w":-0.705845296382904},"size":13.0855712890625,"orthographic":false}