{"cameraMode":{"drawMode":0,"name":"Shaded","section":"Shading Mode"},"sceneLighting":false,"audioPlay":false,"sceneViewState":{"showFog":true,"showMaterialUpdate":false,"showSkybox":false,"showFlares":true,"showImageEffects":true,"showParticleSystems":true},"in2DMode":false,"pivot":{"x":402.60540771484377,"y":318.8999328613281,"z":-41.32232666015625},"rotation":{"x":0.008661954663693905,"y":0.07702455669641495,"z":0.0007094561588019133,"w":-0.9970785975456238},"size":1793.0880126953125,"orthographic":false}