{"cameraMode":{"drawMode":0,"name":"Shaded","section":"Shading Mode"},"sceneLighting":false,"audioPlay":false,"sceneViewState":{"showFog":true,"showMaterialUpdate":false,"showSkybox":false,"showFlares":true,"showImageEffects":true,"showParticleSystems":true},"in2DMode":false,"pivot":{"x":-441.6280212402344,"y":38.59581756591797,"z":265.8572998046875},"rotation":{"x":-0.08464822918176651,"y":0.13981308043003083,"z":0.00946640782058239,"w":0.9871363043785095},"size":928.6763305664063,"orthographic":false}