{"cameraMode":{"drawMode":0,"name":"Shaded","section":"Shading Mode"},"sceneLighting":false,"audioPlay":false,"sceneViewState":{"showFog":false,"showMaterialUpdate":false,"showSkybox":false,"showFlares":false,"showImageEffects":false,"showParticleSystems":false},"in2DMode":false,"pivot":{"x":-185.43130493164063,"y":72.67713928222656,"z":-19.72416114807129},"rotation":{"x":-0.1804487556219101,"y":-0.6862444281578064,"z":0.18313175439834596,"w":-0.6815524697303772},"size":5.843160152435303,"orthographic":false}