{"cameraMode":{"drawMode":0,"name":"Shaded","section":"Shading Mode"},"sceneLighting":false,"audioPlay":false,"sceneViewState":{"showFog":true,"showMaterialUpdate":false,"showSkybox":false,"showFlares":true,"showImageEffects":true,"showParticleSystems":true},"in2DMode":false,"pivot":{"x":-0.9726420640945435,"y":2.3976192474365236,"z":6.911888122558594},"rotation":{"x":-0.1198393702507019,"y":0.05290013551712036,"z":-0.007417181972414255,"w":-0.9917026162147522},"size":15.169076919555664,"orthographic":false}