{"cameraMode":{"drawMode":0,"name":"Shaded","section":"Shading Mode"},"sceneLighting":false,"audioPlay":false,"sceneViewState":{"showFog":true,"showMaterialUpdate":false,"showSkybox":false,"showFlares":true,"showImageEffects":true,"showParticleSystems":true},"in2DMode":false,"pivot":{"x":-2.9514856338500978,"y":0.6359500885009766,"z":3.1901674270629885},"rotation":{"x":0.035712841898202899,"y":-0.735346257686615,"z":0.03887028247117996,"w":0.6756393909454346},"size":0.5926049947738648,"orthographic":false}