{"cameraMode":{"drawMode":0,"name":"Shaded","section":"Shading Mode"},"sceneLighting":false,"audioPlay":false,"sceneViewState":{"showFog":false,"showMaterialUpdate":false,"showSkybox":false,"showFlares":false,"showImageEffects":false,"showParticleSystems":false},"in2DMode":false,"pivot":{"x":-59.43512725830078,"y":-145.11178588867188,"z":32.44078063964844},"rotation":{"x":0.5018265843391419,"y":-0.14056172966957093,"z":0.08103888481855393,"w":0.8504747748374939},"size":309.5599365234375,"orthographic":false}