{"cameraMode":{"drawMode":0,"name":"Shaded","section":"Shading Mode"},"sceneLighting":false,"audioPlay":false,"sceneViewState":{"showFog":true,"showMaterialUpdate":false,"showSkybox":false,"showFlares":true,"showImageEffects":true,"showParticleSystems":true},"in2DMode":false,"pivot":{"x":0.0,"y":0.1174115240573883,"z":-0.0011519193649291993},"rotation":{"x":-0.1101779118180275,"y":0.8574283719062805,"z":-0.20607160031795503,"w":-0.4588981866836548},"size":4.685640335083008,"orthographic":false}