{"cameraMode":{"drawMode":0,"name":"Shaded","section":"Shading Mode"},"sceneLighting":false,"audioPlay":false,"sceneViewState":{"showFog":true,"showMaterialUpdate":false,"showSkybox":false,"showFlares":true,"showImageEffects":true,"showParticleSystems":true},"in2DMode":false,"pivot":{"x":411.95477294921877,"y":53.979705810546878,"z":151.94580078125},"rotation":{"x":0.19852037727832795,"y":0.015363873913884163,"z":-0.004615268670022488,"w":0.9803990721702576},"size":1106.385009765625,"orthographic":false}