{"cameraMode":{"drawMode":0,"name":"Shaded","section":"Shading Mode"},"sceneLighting":false,"audioPlay":false,"sceneViewState":{"showFog":false,"showMaterialUpdate":false,"showSkybox":false,"showFlares":false,"showImageEffects":false,"showParticleSystems":false},"in2DMode":false,"pivot":{"x":24.24762535095215,"y":65.09930419921875,"z":135.88931274414063},"rotation":{"x":0.14782454073429109,"y":0.826680600643158,"z":-0.47959497570991518,"w":0.25738534331321719},"size":183.29237365722657,"orthographic":false}