{"cameraMode":{"drawMode":0,"name":"Shaded","section":"Shading Mode"},"sceneLighting":false,"audioPlay":false,"sceneViewState":{"showFog":true,"showMaterialUpdate":false,"showSkybox":false,"showFlares":true,"showImageEffects":true,"showParticleSystems":true},"in2DMode":false,"pivot":{"x":-122.03400421142578,"y":13.354915618896485,"z":80.79107666015625},"rotation":{"x":-0.02625497803092003,"y":0.6903760433197022,"z":-0.025071032345294954,"w":-0.7225974798202515},"size":692.0200805664063,"orthographic":false}