{"cameraMode":{"drawMode":0,"name":"Shaded","section":"Shading Mode"},"sceneLighting":false,"audioPlay":false,"sceneViewState":{"showFog":true,"showMaterialUpdate":false,"showSkybox":false,"showFlares":true,"showImageEffects":true,"showParticleSystems":true},"in2DMode":false,"pivot":{"x":-322.5008850097656,"y":49.95867919921875,"z":79.6226806640625},"rotation":{"x":0.08170638978481293,"y":0.21293561160564423,"z":-0.020753514021635057,"w":0.9739510416984558},"size":3381.67578125,"orthographic":false}