{"cameraMode":{"drawMode":0,"name":"Shaded","section":"Shading Mode"},"sceneLighting":false,"audioPlay":false,"sceneViewState":{"showFog":true,"showMaterialUpdate":false,"showSkybox":false,"showFlares":true,"showImageEffects":true,"showParticleSystems":true},"in2DMode":false,"pivot":{"x":-1.8399202823638917,"y":0.5518772006034851,"z":-2.8109285831451418},"rotation":{"x":-0.02668648026883602,"y":-0.663487434387207,"z":-0.023689577355980874,"w":0.7473824620246887},"size":1.4426621198654175,"orthographic":false}