{"cameraMode":{"drawMode":0,"name":"Shaded","section":"Shading Mode"},"sceneLighting":true,"audioPlay":false,"sceneViewState":{"showFog":true,"showMaterialUpdate":false,"showSkybox":true,"showFlares":true,"showImageEffects":true,"showParticleSystems":true},"in2DMode":false,"pivot":{"x":3.6358509063720705,"y":0.7548990249633789,"z":5.564877033233643},"rotation":{"x":0.13361607491970063,"y":0.13630284368991853,"z":-0.018666859716176988,"w":0.9815593361854553},"size":21.78089141845703,"orthographic":false}