{"cameraMode":{"drawMode":0,"name":"Shaded","section":"Shading Mode"},"sceneLighting":true,"audioPlay":false,"sceneViewState":{"showFog":true,"showMaterialUpdate":false,"showSkybox":true,"showFlares":true,"showImageEffects":true,"showParticleSystems":true},"in2DMode":false,"pivot":{"x":517.9008178710938,"y":280.9757080078125,"z":-18.686767578125},"rotation":{"x":0.1683642864227295,"y":0.0856408029794693,"z":-0.014686542563140393,"w":0.9819409251213074},"size":1623.267333984375,"orthographic":false}