{"cameraMode":{"drawMode":0,"name":"Shaded","section":"Shading Mode"},"sceneLighting":true,"audioPlay":false,"sceneViewState":{"showFog":false,"showMaterialUpdate":true,"showSkybox":true,"showFlares":true,"showImageEffects":true,"showParticleSystems":true},"in2DMode":false,"pivot":{"x":108.15383911132813,"y":-22.903812408447267,"z":80.40098571777344},"rotation":{"x":-0.2699320912361145,"y":-0.017442651093006135,"z":0.00547679141163826,"w":-0.9629698991775513},"size":170.03054809570313,"orthographic":false}