{"cameraMode":{"drawMode":0,"name":"Shaded","section":"Shading Mode"},"sceneLighting":true,"audioPlay":false,"sceneViewState":{"showFog":true,"showMaterialUpdate":false,"showSkybox":true,"showFlares":true,"showImageEffects":true,"showParticleSystems":true},"in2DMode":false,"pivot":{"x":248.71888732910157,"y":167.01840209960938,"z":230.4297332763672},"rotation":{"x":-0.01352008432149887,"y":0.9744751453399658,"z":-0.21567212045192719,"w":-0.061183370649814609},"size":67.10897827148438,"orthographic":false}